Chip,Dmg,Range,Effect,Category,Tags,Tags In Brackets,Single Description,From?
Interrupt,-,-,Has been replaced with TimeCancel.,-,-,[-],Has been replaced with TimeCancel. [-],Removed
AirSword,2,Close,A galeforce sword! Pushes the target back a range band.,Blade,Accurate,[Accurate],A galeforce sword! Pushes the target back a range band. [Accurate],
AquaSword,3,Close,"Slashes the target with a watery blade, spreading gallons of water about.",Blade,,,"Slashes the target with a watery blade, spreading gallons of water about. ",
AscensionSlash,2,Close,A slash that rises into the air. Double your damage if your target is airborne.,Blade,,,A slash that rises into the air. Double your damage if your target is airborne. ,
BambooSword,3,Close,"Slashes the target with bristling bamboo, spreading around fast-sprouting grass.",Blade,,,"Slashes the target with bristling bamboo, spreading around fast-sprouting grass. ",
ChainRod,3,Close,Bladed whip! Can instead be used to get Close to a Near target & downshift your next attack.,Blade,Awkward,[Awkward],Bladed whip! Can instead be used to get Close to a Near target & downshift your next attack. [Awkward],
CrystalBlade,2,Close,A gleaming crystal blade. Can instead be used to reveal & stun Near invisible targets.,Blade,,,A gleaming crystal blade. Can instead be used to reveal & stun Near invisible targets. ,
CustSword,0+X,Close,A bright green sword powered by your Folder. X=# of used chips in your Folder; max 4.,Blade,,,A bright green sword powered by your Folder. X=# of used chips in your Folder; max 4. ,
DataDaggers,2,Close,"Pick 2: is Near; is Accurate; on hit, target’s Coding is briefly 0; downshift next 2 Coding rolls.",Blade,,,"Pick 2: is Near; is Accurate; on hit, target’s Coding is briefly 0; downshift next 2 Coding rolls. ",
DoubleEdge,4,Close,You also take 4 damage if the target is not deleted by your attack.,Blade,,,You also take 4 damage if the target is not deleted by your attack. ,
ElecSword,3,Close,"Slashes the target with crackling electricity, spreading zapping sparks.",Blade,,,"Slashes the target with crackling electricity, spreading zapping sparks. ",
ElementalSonicWave,2xX,Near,Magic sword! X=1 + Near Bonded allies. Target is hit with your + Near Bonded allies’ elements.,Blade,"Awkward, Mega","[Awkward, Mega]","Magic sword! X=1 + Near Bonded allies. Target is hit with your + Near Bonded allies’ elements. [Awkward, Mega]",
FireSword,3,Close,"Slashes the target with burning flames, spreading crackling embers.",Blade,,,"Slashes the target with burning flames, spreading crackling embers. ",
HeroSword,2,Close,Spend 1 Bravery to upshift the defense roll against this attack.,Blade,Slow,[Slow],Spend 1 Bravery to upshift the defense roll against this attack. [Slow],
ICEPick,2,Close,Can instead be used to control inanimate software (e.g. control panels) for a few moments.,Blade,,,Can instead be used to control inanimate software (e.g. control panels) for a few moments. ,
IceSkates,1,Close,"Allows you to glide over ice. Kicks chill enemies, upshifting their next Body roll on hit.",Blade,,,"Allows you to glide over ice. Kicks chill enemies, upshifting their next Body roll on hit. ",
KnightSword,2,Close,Double damage if you win a parry with it.,Blade,,,Double damage if you win a parry with it. ,
LaserRazor,3,Close,Can instead be used to slowly melt through a thin wall or barrier.,Blade,"Dangerous, Slow","[Dangerous, Slow]","Can instead be used to slowly melt through a thin wall or barrier. [Dangerous, Slow]",
LightningFoil,1,Close,An electric disarming swipe removes the first alphabetic BattleChip in the target’s Folder.,Blade,Accurate,[Accurate],An electric disarming swipe removes the first alphabetic BattleChip in the target’s Folder. [Accurate],
LightWave,2,Near,"Fires a glowing shockwave from a blade that ignores barriers, shields, and auras.",Blade,,,"Fires a glowing shockwave from a blade that ignores barriers, shields, and auras. ",
MirrorSword,2,Close,"A silver, shining sword. Can instead be used to parry a projectile attack.",Blade,,,"A silver, shining sword. Can instead be used to parry a projectile attack. ",
PaladinSword,2,Close,"Can instead be used to defend a Close ally, reducing the damage to them by 2.",Blade,,,"Can instead be used to defend a Close ally, reducing the damage to them by 2. ",
PawClaw,2,Close,Claw swipe! Can also be used to downshift a Charm roll on someone who likes cute things.,Blade,,,Claw swipe! Can also be used to downshift a Charm roll on someone who likes cute things. ,Crossover Content
RecoilRod,2,Close,Bladed tonfas! Spend 1 Speed to also push the target or yourself away a range band.,Blade,,,Bladed tonfas! Spend 1 Speed to also push the target or yourself away a range band. ,
SlashClaw,2,Close,Attack with speedy claws. Your target rolls defense twice and uses the worse result.,Blade,,,Attack with speedy claws. Your target rolls defense twice and uses the worse result. ,
Slasher,5,Close,"If you stand still and don’t move, parry the next melee attack. Unusable outside a parry.",Blade,Slow,[Slow],"If you stand still and don’t move, parry the next melee attack. Unusable outside a parry. [Slow]",
StyleSword,2,Close,A super-stylish sword. Can instead be used to make 3 Charm rolls using your Speed instead.,Blade,Awkward,[Awkward],A super-stylish sword. Can instead be used to make 3 Charm rolls using your Speed instead. [Awkward],
Sword,2,Close,"Transforms a part of the Navi into a glowing, razor-sharp blade.",Blade,Piercing,[Piercing],"Transforms a part of the Navi into a glowing, razor-sharp blade. [Piercing]",
TripleRod,3,Close,"Extending lance! Spend 1 Speed to do a spin attack, hitting all Close + adding the Accurate tag.",Blade,Awkward,[Awkward],"Extending lance! Spend 1 Speed to do a spin attack, hitting all Close + adding the Accurate tag. [Awkward]",
TurboSlice,2,Close,Spend 1 Speed to deal +2 damage.,Blade,,,Spend 1 Speed to deal +2 damage. ,
VarSword,2,Close,Spend 1 Info to pick 2: is Accurate; is Piercing; upshifts parries; range is Near; hits twice.,Blade,,,Spend 1 Info to pick 2: is Accurate; is Piercing; upshifts parries; range is Near; hits twice. ,
VesselBlade,4,Close,You must spend 1 Affinity point. Spreads your element on impact.,Blade,,,You must spend 1 Affinity point. Spreads your element on impact. ,
Z-Saber,2,Close,A glowing teal blade. Spend 1 Soul to charge it up and deal double damage on 2 targets.,Blade,,,A glowing teal blade. Spend 1 Soul to charge it up and deal double damage on 2 targets. ,
AreaGrab,-,Near,A forcefield briefly stops enemies from moving a range band away.,Hazard,,,A forcefield briefly stops enemies from moving a range band away. ,
BurnSquare,3,Near,"A nearby surface shatters as flames erupt from it, burning anyone Close to it.",Hazard,Dangerous,[Dangerous],"A nearby surface shatters as flames erupt from it, burning anyone Close to it. [Dangerous]",
Geddon1,-,Near,"Surfaces begin to crack, quickly spreading from your feet.",Hazard,,,"Surfaces begin to crack, quickly spreading from your feet. ",
Geddon2,-,Near,"Structures around you crack and then shatter, one by one.",Hazard,"Dangerous, Slow","[Dangerous, Slow]","Structures around you crack and then shatter, one by one. [Dangerous, Slow]",
Geyser,3,Near,A nearby surface shatters as a geyser erupts out of it.,Hazard,Awkward,[Awkward],A nearby surface shatters as a geyser erupts out of it. [Awkward],
GhostSeed,-,Near,Throws a seed that spreads the element of the last enemy you deleted.,Hazard,,,Throws a seed that spreads the element of the last enemy you deleted. ,
GhostStage,-,Near,The element of the last enemy you deleted starts spreading everywhere around you.,Hazard,,,The element of the last enemy you deleted starts spreading everywhere around you. ,
Grabby,2,Near,A massive hand pops out of a surface. It grabs the first thing that moves Close to it.,Hazard,Slow,[Slow],A massive hand pops out of a surface. It grabs the first thing that moves Close to it. [Slow],
GrassSeed,-,Near,Throws a large seed that spreads grass over everything it touches.,Hazard,,,Throws a large seed that spreads grass over everything it touches. ,
GrassStage,-,Near,Grass spreads over every surface and plants begin to sprout.,Hazard,,,Grass spreads over every surface and plants begin to sprout. ,
IceSeed,-,Near,Throws a large seed that spreads slick ice over everything it touches.,Hazard,Awkward,[Awkward],Throws a large seed that spreads slick ice over everything it touches. [Awkward],
IceStage,-,Near,A sheet of ice quickly spreads over every surface.,Hazard,Awkward,[Awkward],A sheet of ice quickly spreads over every surface. [Awkward],
LavaSeed,-,Near,Throws a large seed that spreads lava over everything it touches.,Hazard,Dangerous,[Dangerous],Throws a large seed that spreads lava over everything it touches. [Dangerous],
LavaStage,-,Near,Lava begins to rise from the ground.,Hazard,"Dangerous, Slow","[Dangerous, Slow]","Lava begins to rise from the ground. [Dangerous, Slow]",
MagSeed,-,Near,Throws a seed that turns a surface magnetic on contact.,Hazard,Awkward,[Awkward],Throws a seed that turns a surface magnetic on contact. [Awkward],
MetalGears,4,Close,"Two huge metal gears slowly grind around the floor, crushing anything in their way.",Hazard,"Dangerous, Slow","[Dangerous, Slow]","Two huge metal gears slowly grind around the floor, crushing anything in their way. [Dangerous, Slow]",
MetalStage,-,Near,"Surfaces of your choice turn to hard metal, resisting damage and conducting electricity.",Hazard,,,"Surfaces of your choice turn to hard metal, resisting damage and conducting electricity. ",
PerfectChaos,-,Near,Summon a massive storm! All downshift Bravery rolls and upshifts defense rolls while within.,Hazard,"Dangerous, Slow","[Dangerous, Slow]","Summon a massive storm! All downshift Bravery rolls and upshifts defense rolls while within. [Dangerous, Slow]",Crossover Content
PoisonSeed,-,Near,Throws a large seed that spreads damaging poison over everything it touches.,Hazard,Dangerous,[Dangerous],Throws a large seed that spreads damaging poison over everything it touches. [Dangerous],
PopUp,-,Close,Creates a foxhole right beneath your feet.,Hazard,,,Creates a foxhole right beneath your feet. ,
RockCube,-,Close,Summons a large cube of stone in front of the Navi.,Hazard,,,Summons a large cube of stone in front of the Navi. ,
Rope,1,Near,Summons a briar patch to ensnare any that step in it.,Hazard,"Piercing, Slow","[Piercing, Slow]","Summons a briar patch to ensnare any that step in it. [Piercing, Slow]",
SandRing,1,Close,A hidden pitfall trap forms in front of you.,Hazard,Slow,[Slow],A hidden pitfall trap forms in front of you. [Slow],
SandSeed,-,Near,Throws a large seed that spreads sand over everything it touches.,Hazard,Awkward,[Awkward],Throws a large seed that spreads sand over everything it touches. [Awkward],
SandStage,-,Near,The floor quickly turns to sand.,Hazard,Awkward,[Awkward],The floor quickly turns to sand. [Awkward],
Springboard,-,Close,An easily-concealable springboard launches targets a range band when stepped on.,Hazard,,,An easily-concealable springboard launches targets a range band when stepped on. ,
WaterSeed,-,Near,Throws a large seed that spreads water over everything it touches.,Hazard,Awkward,[Awkward],Throws a large seed that spreads water over everything it touches. [Awkward],
WaterStage,-,Near,Water begins to rise from the ground.,Hazard,Awkward,[Awkward],Water begins to rise from the ground. [Awkward],
Whirlpool,-,Close,Summons a vortex to slowly drag in targets.,Hazard,Slow,[Slow],Summons a vortex to slowly drag in targets. [Slow],
WhiteWeb,-,Near,"Shoots a large, sticky web.",Hazard,Slow,[Slow],"Shoots a large, sticky web. [Slow]",
WoolSeed,-,Near,"Throws a seed which sprouts a big, fluffy blob of wool that can cushion any impact.",Hazard,,,"Throws a seed which sprouts a big, fluffy blob of wool that can cushion any impact. ",
BalanceStaff,2,Close,A mystic staff. Pick 1: heal for damage dealt or remove skill reductions from enemy attacks.,Impact,Awkward,[Awkward],A mystic staff. Pick 1: heal for damage dealt or remove skill reductions from enemy attacks. [Awkward],
BronzeFist,2,Close,A parrying gauntlet. Can instead turn the next time you fail a melee parry into a tie.,Impact,,,A parrying gauntlet. Can instead turn the next time you fail a melee parry into a tie. ,
BubbleParasol,2,Close,"Can instead be used to fall very slowly, make a bubble cloud, or add +2 dice to your next defense.",Impact,Awkward,[Awkward],"Can instead be used to fall very slowly, make a bubble cloud, or add +2 dice to your next defense. [Awkward]",
ColdPunch,3,Close,Spend 1 Strength to pick 1: upshifts target’s next Body roll; creates ice around your hands.,Impact,Slow,[Slow],Spend 1 Strength to pick 1: upshifts target’s next Body roll; creates ice around your hands. [Slow],
CopyStrike,1,Close,Target copies your stat & skill reductions.,Impact,,,Target copies your stat & skill reductions. ,
DizzyHit,2,Close,A concussive slam that reduces the target’s Mind by 1.,Impact,,,A concussive slam that reduces the target’s Mind by 1. ,
DrillArm,2,Close,A piercing blow that reduces enemy Stamina by 2.,Impact,"Dangerous, Slow","[Dangerous, Slow]","A piercing blow that reduces enemy Stamina by 2. [Dangerous, Slow]",
EMPunch,1,Close,Pick 1: temporarily disables Near sensors; target’s speech is temporarily scrambled.,Impact,,,Pick 1: temporarily disables Near sensors; target’s speech is temporarily scrambled. ,
FinalBlow,2,Near,"If this deletes, target is sent flying back, damaging everyone and everything in their path.",Impact,Dangerous,[Dangerous],"If this deletes, target is sent flying back, damaging everyone and everything in their path. [Dangerous]",
FireHit,2x2,Close,Slams the target with two fiery punches.,Impact,"Piercing, Dangerous.","[Piercing, Dangerous.]","Slams the target with two fiery punches. [Piercing, Dangerous.]",
GoldFist,2,Close,"If this deletes the target, their body turns to Zenny (150z per point of Max HP).",Impact,Awkward,[Awkward],"If this deletes the target, their body turns to Zenny (150z per point of Max HP). [Awkward]",
GravityHold,2,Near,"Manipulate gravity to lift a target into the air, then slam them to the ground.",Impact,"Accurate, Awkward","[Accurate, Awkward]","Manipulate gravity to lift a target into the air, then slam them to the ground. [Accurate, Awkward]",
GutPunch,3,Close,A massive punch that reduces enemy Stamina by 1.,Impact,Awkward,[Awkward],A massive punch that reduces enemy Stamina by 1. [Awkward],
GutStraight,2,Near,Fires a fist through the air that upshifts the enemy’s next Stamina roll.,Impact,,,Fires a fist through the air that upshifts the enemy’s next Stamina roll. ,
Hammer,4,Close,Summons a shattering hammer for one strike.,Impact,"Awkward, Slow","[Awkward, Slow]","Summons a shattering hammer for one strike. [Awkward, Slow]",
KnuckleSpikes,2,Close,Can instead be used to climb a solid surface or rapidly burrow through soft ground.,Impact,,,Can instead be used to climb a solid surface or rapidly burrow through soft ground. ,Crossover Content
MagCoil,-,Near,Brings an enemy into Close range and stuns them.,Impact,"Piercing, Awkward","[Piercing, Awkward]","Brings an enemy into Close range and stuns them. [Piercing, Awkward]",
MeteorKnuckle,6,Close,"A colossal fist falls from the sky onto the target, sending out massive earth-shattering fissures.",Impact,"Dangerous, Slow, Mega","[Dangerous, Slow, Mega]","A colossal fist falls from the sky onto the target, sending out massive earth-shattering fissures. [Dangerous, Slow, Mega]",
Nullifier,2,Close,Target is temporarily unable to use their element.,Impact,,,Target is temporarily unable to use their element. ,
Offdoff,2,Close,"Knock an object off the target (their weapon, their disguise, a mind-control hat, etc).",Impact,,,"Knock an object off the target (their weapon, their disguise, a mind-control hat, etc). ",Crossover Content
PercussiveFix,2,Close,Slam with a toolkit! Can also be used to fix a broken virtual computer or piece of machinery.,Impact,Slow,[Slow],Slam with a toolkit! Can also be used to fix a broken virtual computer or piece of machinery. [Slow],
PhantomGrasp,-,Close,Pick 2 on hit: target rolls Bravery to not panic; target Mind briefly -1; you are briefly invisible.,Impact,Slow,[Slow],Pick 2 on hit: target rolls Bravery to not panic; target Mind briefly -1; you are briefly invisible. [Slow],
Plasma,2,Close,"Two orbs of electricity orbit the Navi, striking every available target.",Impact,,,"Two orbs of electricity orbit the Navi, striking every available target. ",
PowerCycle,1,Close,"Reboots Viruses, momentarily disabling them and wiping their short-term memory.",Impact,Piercing,[Piercing],"Reboots Viruses, momentarily disabling them and wiping their short-term memory. [Piercing]",
PressurePoint,2,Close,Spend 1 Info to pick 2: is Piercing; hits twice; stuns on hit; upshifts target’s next Body roll.,Impact,,,Spend 1 Info to pick 2: is Piercing; hits twice; stuns on hit; upshifts target’s next Body roll. ,
RiseNShine,1,Close,"Target wakes up and downshifts their next Mind roll, even if damage is resisted.",Impact,,,"Target wakes up and downshifts their next Mind roll, even if damage is resisted. ",
SilverFist,3,Close,A magic gauntlet! Can instead be used to make 3 Affinity rolls using your Strength instead.,Impact,"Awkward, Slow","[Awkward, Slow]","A magic gauntlet! Can instead be used to make 3 Affinity rolls using your Strength instead. [Awkward, Slow]",
SnakeBite,2,Close,"Hand is a snake! Pick 1: target’s Bravery briefly 0; this is Piercing; on hit, upshift next Speed roll.",Impact,Awkward,[Awkward],"Hand is a snake! Pick 1: target’s Bravery briefly 0; this is Piercing; on hit, upshift next Speed roll. [Awkward]",
TopSpin,3,Close,"Spin out, dealing damage to every Close enemy.",Impact,Awkward,[Awkward],"Spin out, dealing damage to every Close enemy. [Awkward]",
Uninstall,-,Close,Disables a random NaviCust part on the target.,Impact,,,Disables a random NaviCust part on the target. ,
WhirlwindToss,0+X,Near,Toss a Close enemy into another enemy! Damage to both=Thrown enemy’s Body.,Impact,,,Toss a Close enemy into another enemy! Damage to both=Thrown enemy’s Body. ,
WindRack,1,Close,A hurricane hand fan! Blows all Close targets back a range band.,Impact,Accurate,[Accurate],A hurricane hand fan! Blows all Close targets back a range band. [Accurate],
ZeroKnuckle,3,Close,"If you delete an enemy with this, you can use their element for a downshifted Affinity roll.",Impact,Slow,[Slow],"If you delete an enemy with this, you can use their element for a downshifted Affinity roll. [Slow]",
NaviRecycle,-,-,Re-summons the last Navi chip that affected your Navi.,NaviChip,Mega,[Mega],Re-summons the last Navi chip that affected your Navi. [Mega],
AquaWhirl,2,Near,Move into Close range and leave water behind! Your next roll covers the target with water.,Rush,,,Move into Close range and leave water behind! Your next roll covers the target with water. ,
Arrow,4,Near,"Dash forward, skewering everything in your way until you hit a wall, getting stuck in it for a bit.",Rush,Dangerous,[Dangerous],"Dash forward, skewering everything in your way until you hit a wall, getting stuck in it for a bit. [Dangerous]",
BlizzardBall,1+X,Near,Roll into a giant snowball and bowl the target over! X=number of allies with you in the ball.,Rush,"Awkward, Dangerous","[Awkward, Dangerous]","Roll into a giant snowball and bowl the target over! X=number of allies with you in the ball. [Awkward, Dangerous]",
Condor,2,Near,Dash into Close range. Can be used from Far range for double damage.,Rush,,,Dash into Close range. Can be used from Far range for double damage. ,
CurseShield,-,Near,"Take half dmg next time you defend against a ranged attack, then zoom Close to the attacker.",Rush,Simple,[Simple],"Take half dmg next time you defend against a ranged attack, then zoom Close to the attacker. [Simple]",
DashAttack,3,Near,Moves you into Close range of your target.,Rush,,,Moves you into Close range of your target. ,
DashSpin,2,Near,Roll into a ball and bowl into the target! Speed rolls are downshifted until you stop spinning.,Rush,Awkward,[Awkward],Roll into a ball and bowl into the target! Speed rolls are downshifted until you stop spinning. [Awkward],Crossover Content
DeltaRayEdge,3xX,Near,"Rush together & combo strike with allies! (X=# of people rushing together, max 3)",Rush,"Awkward, Mega","[Awkward, Mega]","Rush together & combo strike with allies! (X=# of people rushing together, max 3) [Awkward, Mega]",
FlameShield,2,Near,Dash to Close in a fire bubble! Can instead be used to take -2 damage next time you’re hit.,Rush,Dangerous,[Dangerous],Dash to Close in a fire bubble! Can instead be used to take -2 damage next time you’re hit. [Dangerous],Crossover Content
FootStomp,2,Near,Jump onto and crush an enemy. Spend 1 Speed to add another target in range of the enemy.,Rush,,,Jump onto and crush an enemy. Spend 1 Speed to add another target in range of the enemy. ,
GoingRoad,-,Near,Lead the way on a glowing path! The user and all Close allies move a range band together.,Rush,,,Lead the way on a glowing path! The user and all Close allies move a range band together. ,
IronShell,2,Near,Roll into Close range and collide. Your next defense roll is downshifted.,Rush,Awkward,[Awkward],Roll into Close range and collide. Your next defense roll is downshifted. [Awkward],
LineOut,2,Near,"Dash into Close range. If you dash through an object, it is destroyed.",Rush,Dangerous,[Dangerous],"Dash into Close range. If you dash through an object, it is destroyed. [Dangerous]",
MetaGel,2,Near,Turn to jelly and splash into Close range. Your body is solid again after a minute.,Rush,,,Turn to jelly and splash into Close range. Your body is solid again after a minute. ,
PowerSlide,2,Near,"A sliding kick. You can deal -1 damage to trip the enemy, making them fall over.",Rush,"Accurate, Awkward","[Accurate, Awkward]","A sliding kick. You can deal -1 damage to trip the enemy, making them fall over. [Accurate, Awkward]",
Pyrotechnics,3,Close,"Dash a range band in any direction. A few seconds later, your starting position explodes.",Rush,"Dangerous, Slow","[Dangerous, Slow]","Dash a range band in any direction. A few seconds later, your starting position explodes. [Dangerous, Slow]",
Quake,2,Near,"The Navi leaps into the air and slams down in Close range, staggering anyone around.",Rush,"Piercing, Dangerous","[Piercing, Dangerous]","The Navi leaps into the air and slams down in Close range, staggering anyone around. [Piercing, Dangerous]",
RadicalGrind,2,Near,"Grind an edge and ram the target! Pick 1: downshift your next Speed, Charm, or Bravery roll.",Rush,Awkward,[Awkward],"Grind an edge and ram the target! Pick 1: downshift your next Speed, Charm, or Bravery roll. [Awkward]",
Recharger,2,Near,"Dash into Close range. If this deletes the target, clear 1 point of stat/skill reduction you have.",Rush,,,"Dash into Close range. If this deletes the target, clear 1 point of stat/skill reduction you have. ",
RewindDash,-,Near,Move a range band; damaged structures/objects you touch are returned to their original state.,Rush,,,Move a range band; damaged structures/objects you touch are returned to their original state. ,
RocketTackle,2,Close,Move yourself and the target a range band together.,Rush,Awkward,[Awkward],Move yourself and the target a range band together. [Awkward],
RollFlash,2,Near,Warp to a Close enemy and whip them! Spend 1 Charm: heal a Near ally 2 HP.,Rush,,,Warp to a Close enemy and whip them! Spend 1 Charm: heal a Near ally 2 HP. ,
SandWorm,2,Near,Tunnel through the ground and burst out under the target into Close range.,Rush,Accurate,[Accurate],Tunnel through the ground and burst out under the target into Close range. [Accurate],
ShiningArmor,-,Close,Pick up a target and move a range band. Your next Charm roll on the target is Easy.,Rush,,,Pick up a target and move a range band. Your next Charm roll on the target is Easy. ,
ShortCircuit,1,Near,Turn into a spark and zip through conductive material; anything you touch is stunned.,Rush,"Awkward, Dangerous","[Awkward, Dangerous]","Turn into a spark and zip through conductive material; anything you touch is stunned. [Awkward, Dangerous]",
StepCross,3,Near,"Teleports you forward to parry a melee attack, then you go back.",Rush,,,"Teleports you forward to parry a melee attack, then you go back. ",
StepSword,3,Near,"Teleports you forward for a single slice, then you go back.",Rush,,,"Teleports you forward for a single slice, then you go back. ",
Stringer,-,Near,"Dash to 2 targets Close to each other; if both are hit, you tie them together!",Rush,"Piercing, Awkward","[Piercing, Awkward]","Dash to 2 targets Close to each other; if both are hit, you tie them together! [Piercing, Awkward]",
SwordsDance,X,Near,"Slot in a Blade chip, dash into Close range; the chip hits the target & everything in-between.",Rush,Simple,[Simple],"Slot in a Blade chip, dash into Close range; the chip hits the target & everything in-between. [Simple]",
TurboTire,3,Near,Roll into Close range on a flaming wheel; the wheel burns and bounces around afterwards.,Rush,Dangerous,[Dangerous],Roll into Close range on a flaming wheel; the wheel burns and bounces around afterwards. [Dangerous],
Vault,-,-,Launch yourself two range bands. Can also be used to exit a Parry prematurely.,Rush,Simple,[Simple],Launch yourself two range bands. Can also be used to exit a Parry prematurely. [Simple],
WebSurfer,1,Near,"Surf a range band! The board resists damaging hazards (e.g. lava, acid, electrified water).",Rush,Awkward,[Awkward],"Surf a range band! The board resists damaging hazards (e.g. lava, acid, electrified water). [Awkward]",
YokuTrail,-,Near,"Dash a range band through the air, leaving a trail of platforms that will disappear in a minute.",Rush,,,"Dash a range band through the air, leaving a trail of platforms that will disappear in a minute. ",
AirShot,1,Near,Pushes the target back one range band on hit.,Shot,,,Pushes the target back one range band on hit. ,
AtomicFire,2+X,Near,Overheat your attack! Sacrifice up to 3 HP to add that much damage.,Shot,Dangerous,[Dangerous],Overheat your attack! Sacrifice up to 3 HP to add that much damage. [Dangerous],
Boomer,2,Near,Targets up to three enemies within Near range to each other. Leaves a trail of vines in its wake.,Shot,,,Targets up to three enemies within Near range to each other. Leaves a trail of vines in its wake. ,
Bubbler,2,Near,Creates a cloud of soaking bubbles around the target.,Shot,,,Creates a cloud of soaking bubbles around the target. ,
Cannon,2,Near,Transforms a part of the Navi into a high-velocity cannon.,Shot,Accurate,[Accurate],Transforms a part of the Navi into a high-velocity cannon. [Accurate],
Catapult,-,Near,Slot in a Thrown BattleChip; this will give it properties of a Shot chip and +1 damage.,Shot,Simple,[Simple],Slot in a Thrown BattleChip; this will give it properties of a Shot chip and +1 damage. [Simple],
ConcreteShot,2,Near,Creates a large rock cube at range if it misses.,Shot,Awkward,[Awkward],Creates a large rock cube at range if it misses. [Awkward],
CornShot,3,Near,"Fires a high-impact cob of corn. On hit, briefly changes the target’s element to Corn.",Shot,Awkward,[Awkward],"Fires a high-impact cob of corn. On hit, briefly changes the target’s element to Corn. [Awkward]",
Crackshot,3,Near,Breaks and tosses the floor in front of you.,Shot,Dangerous,[Dangerous],Breaks and tosses the floor in front of you. [Dangerous],
CurtainFire,3,Near,Fires a dazzling array of bullets. Downshift your first Charm roll with anyone who sees it.,Shot,"Awkward, Slow","[Awkward, Slow]","Fires a dazzling array of bullets. Downshift your first Charm roll with anyone who sees it. [Awkward, Slow]",
Detonator,1,Near,"If the next attack deletes the target, they violently explode, dealing 4 damage to all Close.",Shot,,,"If the next attack deletes the target, they violently explode, dealing 4 damage to all Close. ",
DiffusalCannon,0+X,Near,Add 1 damage for every stat and skill point reduction you have.,Shot,,,Add 1 damage for every stat and skill point reduction you have. ,
Drain,2,Near,Fires needles that heal for damage done.,Shot,,,Fires needles that heal for damage done. ,
DrillBomb,2,Near,"Fire an exploding drill. On miss, blows up a part of the environment.",Shot,Piercing,[Piercing],"Fire an exploding drill. On miss, blows up a part of the environment. [Piercing]",
GeminiLaser,3,Near,"A bouncing laser. If the target successfully defends with Speed, the beam attacks one more target.",Shot,Slow,[Slow],"A bouncing laser. If the target successfully defends with Speed, the beam attacks one more target. [Slow]",
Grappler,1,Near,Drags the target into Close range on hit.,Shot,,,Drags the target into Close range on hit. ,
HeatShot,2,Near,Creates an explosion of flame around the target.,Shot,,,Creates an explosion of flame around the target. ,
Highlighter,1,Near,"On hit, downshift the next two attacks against the target.",Shot,,,"On hit, downshift the next two attacks against the target. ",
HomingTorpedo,1,Far,Defending against this attack is always Hard.,Shot,,,Defending against this attack is always Hard. ,
IceSlasher,2,Near,Enemies deleted by this turn into frozen blocks shortly afterwards.,Shot,,,Enemies deleted by this turn into frozen blocks shortly afterwards. ,
LavaCannon,3,Near,Add +1 damage if there’s fire/lava within Near range.,Shot,Dangerous,[Dangerous],Add +1 damage if there’s fire/lava within Near range. [Dangerous],
MarkCannon,2,Near,Snipe the enemy with a lock-on rifle! Spend 1 Sense to set the range to Far.,Shot,"Accurate, Slow","[Accurate, Slow]","Snipe the enemy with a lock-on rifle! Spend 1 Sense to set the range to Far. [Accurate, Slow]",
MetalBlade,2,Near,"For every Speed point you spend, hit another target.",Shot,,,"For every Speed point you spend, hit another target. ",
NeedleCannon,1x4,Near,Fire a volley of tiny needles.,Shot,Accurate,[Accurate],Fire a volley of tiny needles. [Accurate],
ShotGun,2,Near,Fires an explosive shot that upshifts the defense of enemies hiding behind cover.,Shot,,,Fires an explosive shot that upshifts the defense of enemies hiding behind cover. ,
SuperVulcan,2x4,Near,A golden gun fires a barrage of bullets.,Shot,"Piercing, Mega","[Piercing, Mega]","A golden gun fires a barrage of bullets. [Piercing, Mega]",
TankCannon,3,Near,"On miss, creates a shattering explosion.",Shot,"Piercing, Dangerous, Slow","[Piercing, Dangerous, Slow]","On miss, creates a shattering explosion. [Piercing, Dangerous, Slow]",
Thunder,1,Near,A sluggish thunderball that upshifts the target’s next action.,Shot,"Accurate, Slow","[Accurate, Slow]","A sluggish thunderball that upshifts the target’s next action. [Accurate, Slow]",
VarGun,2,Near,Spend 1 Info to pick 2: is Accurate; is Piercing; range is Far; covers target with your element.,Shot,,,Spend 1 Info to pick 2: is Accurate; is Piercing; range is Far; covers target with your element. ,
Yo-Yo,2x2,Near,Shoot a razor yo-yo! Spend 1 Sense to make it Accurate.,Shot,,,Shoot a razor yo-yo! Spend 1 Sense to make it Accurate. ,
ZapRing,1,Near,Stuns the target for one second.,Shot,,,Stuns the target for one second. ,
AirRaid,-,Near,"A little fighter plane fires on enemies, adding +1 die to your attack rolls. Can be destroyed.",Summon,,,"A little fighter plane fires on enemies, adding +1 die to your attack rolls. Can be destroyed. ",
Anubis,-,Close,Summons a sinister statue in front of you. All Near it upshift all defense rolls.,Summon,Dangerous,[Dangerous],Summons a sinister statue in front of you. All Near it upshift all defense rolls. [Dangerous],
Candle,-,Close,Creates a large candle that heals you 1 HP every time you’re attacked.,Summon,,,Creates a large candle that heals you 1 HP every time you’re attacked. ,
Catcher,-,Near,A tiny UFO takes the last chip in the target’s Folder and puts it in yours until you/they jack-out.,Summon,Slow,[Slow],A tiny UFO takes the last chip in the target’s Folder and puts it in yours until you/they jack-out. [Slow],
CritterCrew,-,Close,"Small animals come to help! They’re small, cute, nonviolent, brave, and take simple orders.",Summon,,,"Small animals come to help! They’re small, cute, nonviolent, brave, and take simple orders. ",Crossover Content
Decoy,-,Near,Summons a hologram of your Navi directly in front of you in any pose.,Summon,,,Summons a hologram of your Navi directly in front of you in any pose. ,
ElecReel,2,Close,Summons a hidden electric tripwire that shocks anything it touches.,Summon,,,Summons a hidden electric tripwire that shocks anything it touches. ,
EleMentalist,-,Near,"Write any element down, tell others its 1st letter. If a player guesses it 1st try, summon lots of it!",Summon,,,"Write any element down, tell others its 1st letter. If a player guesses it 1st try, summon lots of it! ",Crossover Content
Faker,-,-,A knockoff version of you! It can use one of your Navi Powers once. (May gain sentience.),Summon,,,A knockoff version of you! It can use one of your Navi Powers once. (May gain sentience.) ,Crossover Content
FireRat,-,Close,"A seeking bomb! When set on fire, scuttles to a Near target and explodes, dealing 4 damage.",Summon,Accurate,[Accurate],"A seeking bomb! When set on fire, scuttles to a Near target and explodes, dealing 4 damage. [Accurate]",
GateMagic,-,-,"Pick 3 Hazard/Summon chips in your or any allied Folder, even if spent. Use them now.",Summon,"Simple, Mega","[Simple, Mega]","Pick 3 Hazard/Summon chips in your or any allied Folder, even if spent. Use them now. [Simple, Mega]",
GhostGloves,-,Near,Floating gloves mimic your hands. They’re too weak to harm others.,Summon,Awkward,[Awkward],Floating gloves mimic your hands. They’re too weak to harm others. [Awkward],
GreenCarpet,-,Close,"A magic carpet flies ahead, leaving a trail of grass and gliding over traps. Lasts 1 minute.",Summon,,,"A magic carpet flies ahead, leaving a trail of grass and gliding over traps. Lasts 1 minute. ",
Guardian,-,Close,"Summons a tiny statue that zaps the first thing to damage it, dealing 4 damage.",Summon,Slow,[Slow],"Summons a tiny statue that zaps the first thing to damage it, dealing 4 damage. [Slow]",
HolyPanel,-,Close,Creates a damage-halving tile underfoot. Halved damage rounds down.,Summon,,,Creates a damage-halving tile underfoot. Halved damage rounds down. ,
IceCube,-,Close,Summons a large cube of ice in front of the Navi.,Summon,,,Summons a large cube of ice in front of the Navi. ,
Insert,-,Close,Creates a large amount of an ally’s element.,Summon,Slow,[Slow],Creates a large amount of an ally’s element. [Slow],
IronShield,-,Close,"Summons a wide, unmovable iron barrier in front of the Navi.",Summon,,,"Summons a wide, unmovable iron barrier in front of the Navi. ",
Meteors,2,Far,"Creates a scepter which periodically calls fiery meteors down, up to 5 total.",Summon,Dangerous,[Dangerous],"Creates a scepter which periodically calls fiery meteors down, up to 5 total. [Dangerous]",
Mine,5,Close,Places a pressure-activated mine in front of you.,Summon,"Dangerous, Slow","[Dangerous, Slow]","Places a pressure-activated mine in front of you. [Dangerous, Slow]",
MokoRush,2,Close,A cute ram! Pick 2: charge a Near target; ride it a range band; spread fluff around; bleat loudly.,Summon,Slow,[Slow],A cute ram! Pick 2: charge a Near target; ride it a range band; spread fluff around; bleat loudly. [Slow],
Mole,-,Close,"Summons a mole which digs a tunnel to a simple, nearby destination.",Summon,Slow,[Slow],"Summons a mole which digs a tunnel to a simple, nearby destination. [Slow]",
RainyDay,-,Near,"Calls down a torrential downpour from a solid, squishy raincloud.",Summon,,,"Calls down a torrential downpour from a solid, squishy raincloud. ",
Ratton,2,Near,A homing rat bomb can find enemies that are invisibile or hiding behind cover.,Summon,Accurate,[Accurate],A homing rat bomb can find enemies that are invisibile or hiding behind cover. [Accurate],
Recall,-,Close,Summons the last Virus you deleted to help you out. It has 1 HP.,Summon,,,Summons the last Virus you deleted to help you out. It has 1 HP. ,
Redecorator,-,Near,Every player names a simple piece of household furniture/decor that appears around you.,Summon,,,Every player names a simple piece of household furniture/decor that appears around you. ,Crossover Content
RiskyHoney,2,Close,Summons a beehive that attacks and makes noise when approached.,Summon,,,Summons a beehive that attacks and makes noise when approached. ,
RockArm,3,Close,"A hefty, inert Virus plummets! Spend 1 Strength to pick 1: shockwaves a Near target; is Piercing.",Summon,Slow,[Slow],"A hefty, inert Virus plummets! Spend 1 Strength to pick 1: shockwaves a Near target; is Piercing. [Slow]",
Rook,-,Close,"Creates a six-foot, heavily armored tower for cover.",Summon,,,"Creates a six-foot, heavily armored tower for cover. ",
Sensor,1,Close,Creates a motion-sensing eye that stuns the first enemy it sees and alerts your Navi.,Summon,Accurate,[Accurate],Creates a motion-sensing eye that stuns the first enemy it sees and alerts your Navi. [Accurate],
Silence,-,Near,Summons a musical Virus that silences all noise when it’s alive.,Summon,,,Summons a musical Virus that silences all noise when it’s alive. ,
SnakeCharmer,2,Near,Snakes rush! Spend 1 Charm to pick 2: hits twice; is Accurate; your element is briefly Snakes.,Summon,Slow,[Slow],Snakes rush! Spend 1 Charm to pick 2: hits twice; is Accurate; your element is briefly Snakes. [Slow],
TimeBomb,4,Close,Summons a bomb on a three-second countdown.,Summon,Slow,[Slow],Summons a bomb on a three-second countdown. [Slow],
Totem,3,Near,Deploys a motion-sensing turret that breathes fire at the first thing it sees.,Summon,Dangerous,[Dangerous],Deploys a motion-sensing turret that breathes fire at the first thing it sees. [Dangerous],
Wind,-,Near,Summons a gust of wind to blow targets towards or away from you.,Summon,,,Summons a gust of wind to blow targets towards or away from you. ,
AestheticShuffle,-,-,"Your look is now Edgy, Funky, Cute, Soft, or Elegant. Can spend 1 Charm to refresh this chip.",Support,Awkward,[Awkward],"Your look is now Edgy, Funky, Cute, Soft, or Elegant. Can spend 1 Charm to refresh this chip. [Awkward]",Crossover Content
AirShoes,-,-,Fly through the air for 5 rolls.,Support,Simple,[Simple],Fly through the air for 5 rolls. [Simple],
Attack+1,-,-,Add one hit to your next non-BattleChip attack.,Support,Simple,[Simple],Add one hit to your next non-BattleChip attack. [Simple],
Aura,-,-,"Repels attacks under 3 damage, dissipates after pierced. Lasts 10 rolls.",Support,Mega,[Mega],"Repels attacks under 3 damage, dissipates after pierced. Lasts 10 rolls. [Mega]",
Avatar,-,-,Your next 3 rolls spawn your element Close and get +3 dice. Downshift non-attack Affinity rolls.,Support,"Simple, Mega","[Simple, Mega]","Your next 3 rolls spawn your element Close and get +3 dice. Downshift non-attack Affinity rolls. [Simple, Mega]",
Barrier,-,-,Negates the next time you’re attacked.,Support,Slow,[Slow],Negates the next time you’re attacked. [Slow],
Blinder,-,Close,A bright light blinds enemies for a moment.,Support,Dangerous,[Dangerous],A bright light blinds enemies for a moment. [Dangerous],
Braveheart,-,-,Recover HP equal to points in Bravery + Soul.,Support,,,Recover HP equal to points in Bravery + Soul. ,
BubbleStar,-,Near,Seals an enemy in a floating bubble.,Support,Awkward,[Awkward],Seals an enemy in a floating bubble. [Awkward],
ColorPoint,-,-,Add +2 dice to your next roll if your element is Near. Consumes your element.,Support,Simple,[Simple],Add +2 dice to your next roll if your element is Near. Consumes your element. [Simple],
CopyDamage,-,Near,The next attack on another enemy also hurts the target.,Support,,,The next attack on another enemy also hurts the target. ,
Dropdown,-,-,Allows you to reverse your gravity for up to a minute.,Support,Simple,[Simple],Allows you to reverse your gravity for up to a minute. [Simple],
Fanfare,-,Near,One ally is invincible for their next action if your Navi sings loudly.,Support,Awkward,[Awkward],One ally is invincible for their next action if your Navi sings loudly. [Awkward],
FolderRewind,-,-,Spend 1 Info to use a copy of the last chip anyone used. No MegaChips.,Support,Simple,[Simple],Spend 1 Info to use a copy of the last chip anyone used. No MegaChips. [Simple],
GeminiTwin,-,Close,"Creates a holographic clone. Roll twice for your next 3 defense rolls, use the best result.",Support,,,"Creates a holographic clone. Roll twice for your next 3 defense rolls, use the best result. ",
Guard,-,Close,Protect yourself or a Close ally from incoming damage. Does not block secondary effects.,Support,,,Protect yourself or a Close ally from incoming damage. Does not block secondary effects. ,
HiveShield,-,Near,"Downshift next defense. If you take 0 damage, send a 3-damage bee barrage at the attacker.",Support,,,"Downshift next defense. If you take 0 damage, send a 3-damage bee barrage at the attacker. ",
Invis,-,-,Renders the Navi invisible for several seconds.,Support,Simple,[Simple],Renders the Navi invisible for several seconds. [Simple],
LeafShield,2,Near,Can instead be used to take -2 damage next time you’re hit. Overwrites other barriers.,Support,,,Can instead be used to take -2 damage next time you’re hit. Overwrites other barriers. ,
MapView,-,Far,Launch a camera straight up for an eagle-eye view of the surroundings. Bonks off ceilings.,Support,Awkward,[Awkward],Launch a camera straight up for an eagle-eye view of the surroundings. Bonks off ceilings. [Awkward],
OpenYourHeart,-,-,"Charge your power, add +1 die per HP missing to your next Soul roll. Collapse after the roll.",Support,Slow,[Slow],"Charge your power, add +1 die per HP missing to your next Soul roll. Collapse after the roll. [Slow]",Crossover Content
Recover3,-,-,Recover three HP.,Support,,,Recover three HP. ,
Recover5,-,-,Recover five HP.,Support,,,Recover five HP. ,
Reflex,-,-,Act immediately the next time you take damage.,Support,Simple,[Simple],Act immediately the next time you take damage. [Simple],
Repair,-,Near,Fix a broken structure.,Support,,,Fix a broken structure. ,
Shadow,-,-,"For a minute, you’re impossible to detect when in darkness.",Support,,,"For a minute, you’re impossible to detect when in darkness. ",
SkullBarrier,-,-,Pick 1: take -1 damage from the next 3 attacks; downshift your next Bravery roll to intimidate.,Support,,,Pick 1: take -1 damage from the next 3 attacks; downshift your next Bravery roll to intimidate. ,
StoneBody,-,-,"For 5 defense rolls, damage over 1 is reduced to 1, but you’re unable to move range bands.",Support,,,"For 5 defense rolls, damage over 1 is reduced to 1, but you’re unable to move range bands. ",
Sweetheart,-,Near,Heal an ally’s HP equal to your points in Charm + Soul.,Support,,,Heal an ally’s HP equal to your points in Charm + Soul. ,
SystemScan,-,Far,Pick a single location in range - the GM will tell you five words about the biggest threat inside.,Support,Slow,[Slow],Pick a single location in range - the GM will tell you five words about the biggest threat inside. [Slow],
ThunderShield,-,-,Pick 1: Electrify your next attack; downshift your next ranged defense; reroll a Speed roll.,Support,,,Pick 1: Electrify your next attack; downshift your next ranged defense; reroll a Speed roll. ,Crossover Content
TimeCancel,-,Near,"Next time an enemy uses a Simple chip, you can use one roll/chip right before it activates.",Support,Slow,[Slow],"Next time an enemy uses a Simple chip, you can use one roll/chip right before it activates. [Slow]",
TimeStopper,-,Near,Freezes time for two seconds. Only you are able to act.,Support,Simple,[Simple],Freezes time for two seconds. Only you are able to act. [Simple],
Timpani,-,Close,"Summons drums. As long as you beat them, upshifts enemy Speed rolls.",Support,,,"Summons drums. As long as you beat them, upshifts enemy Speed rolls. ",
TundraSpotlight,-,Near,Casts the Navi in a rainbow light that draws attention and downshifts its next Soul roll.,Support,Simple,[Simple],Casts the Navi in a rainbow light that draws attention and downshifts its next Soul roll. [Simple],
UnityBoost,-,Near,"Next time you use a BattleChip, all bonded allies in range gain the benefits that affect you.",Support,"Simple, Mega","[Simple, Mega]","Next time you use a BattleChip, all bonded allies in range gain the benefits that affect you. [Simple, Mega]",
WaterShield,-,-,Pick 1: Block a non-electric/blade attack; downshift underwater Speed rolls until you are hit.,Support,,,Pick 1: Block a non-electric/blade attack; downshift underwater Speed rolls until you are hit. ,Crossover Content
AirBomb,2,Near,Moves the target and everyone Close to them one range band - choose the direction.,Thrown,"Awkward, Dangerous","[Awkward, Dangerous]","Moves the target and everyone Close to them one range band - choose the direction. [Awkward, Dangerous]",
AirSpin,2,Near,Throws a disc-shaped fan that blows a powerful whirlwind gust upwards.,Thrown,Awkward,[Awkward],Throws a disc-shaped fan that blows a powerful whirlwind gust upwards. [Awkward],
Airstrike,2x2,Near,Torpedoes deal +1 damage if you’re above your opponent and Near distance.,Thrown,Slow,[Slow],Torpedoes deal +1 damage if you’re above your opponent and Near distance. [Slow],
BlackBomb,1,Near,"Tosses a hefty bomb. If hit with fire, creates a 5-damage explosion that hits all Close to it.",Thrown,"Awkward, Dangerous, Slow","[Awkward, Dangerous, Slow]","Tosses a hefty bomb. If hit with fire, creates a 5-damage explosion that hits all Close to it. [Awkward, Dangerous, Slow]",
BlackHoleBomb,3,Near,"Everything Near the target is sucked Close to it. Moments later, it blasts for 4 Piercing damage!",Thrown,"Accurate, Dangerous, Mega","[Accurate, Dangerous, Mega]","Everything Near the target is sucked Close to it. Moments later, it blasts for 4 Piercing damage! [Accurate, Dangerous, Mega]",
Cactiball,3,Near,"On a hit, bounces to one other enemy in Near range.",Thrown,Slow,[Slow],"On a hit, bounces to one other enemy in Near range. [Slow]",
ChainBlast,X,Near,Hits everything Close to the target. X=the number of enemies hit.,Thrown,,,Hits everything Close to the target. X=the number of enemies hit. ,
DiceBomb,X,Near,"A randomized attack! X=Roll 2d6, use the lowest value as your damage.",Thrown,,,"A randomized attack! X=Roll 2d6, use the lowest value as your damage. ",
Firecracker,1,Near,"Disorients the target, dropping their Sense by 2 for two rolls.",Thrown,,,"Disorients the target, dropping their Sense by 2 for two rolls. ",
FlamingLasso,2,Near,"Can spend 1 Strength to: pull them Close, upshift their next roll, or get dragged behind them.",Thrown,,,"Can spend 1 Strength to: pull them Close, upshift their next roll, or get dragged behind them. ",
FlashBomb,-,Near,Tosses a blinding bomb on a three-second timer.,Thrown,Slow,[Slow],Tosses a blinding bomb on a three-second timer. [Slow],
GutsShoot,X,Near,Toss an ally! X=your ally’s Body score.,Thrown,Awkward,[Awkward],Toss an ally! X=your ally’s Body score. [Awkward],
IceBall,2,Near,Freezes the target on impact. Creates a sheet of ice on miss.,Thrown,,,Freezes the target on impact. Creates a sheet of ice on miss. ,
Kunai,2,Near,Flies silently through the air.,Thrown,Piercing,[Piercing],Flies silently through the air. [Piercing],
LastOut,1,Near,A sparking spikeball knocks out the alphabetic last chip in the target’s Folder.,Thrown,Awkward,[Awkward],A sparking spikeball knocks out the alphabetic last chip in the target’s Folder. [Awkward],
Lavaball,3,Near,Coats the floor in a pool of lava on a miss.,Thrown,"Dangerous, Slow","[Dangerous, Slow]","Coats the floor in a pool of lava on a miss. [Dangerous, Slow]",
LightningRod,1,Near,"The next time the target’s attacked, a 2-damage bolt of lightning adds to the damage.",Thrown,Awkward,[Awkward],"The next time the target’s attacked, a 2-damage bolt of lightning adds to the damage. [Awkward]",
LogicBomb,2,Near,A code bomb full of malicious programming. Must roll Coding to defend.,Thrown,,,A code bomb full of malicious programming. Must roll Coding to defend. ,
MagBomb,1,Near,Magnetizes the target’s feet to the floor.,Thrown,,,Magnetizes the target’s feet to the floor. ,
Magnum,3,Near,The Navi leaps into the air and throws down rapidfire explosives.,Thrown,Dangerous,[Dangerous],The Navi leaps into the air and throws down rapidfire explosives. [Dangerous],
MiniBomb,1,Near,A tiny blue bomb. Spend 1 Info point: this chip will not be exhausted while jacked in.,Thrown,,,A tiny blue bomb. Spend 1 Info point: this chip will not be exhausted while jacked in. ,
Mudball,1,Near,Upshifts the target’s next two Sense or Speed rolls on hit.,Thrown,Awkward,[Awkward],Upshifts the target’s next two Sense or Speed rolls on hit. [Awkward],
QuickRound,2,Near,"Throws a small, sharp boomerang. Spend 1 Speed point: make the chip usable again.",Thrown,,,"Throws a small, sharp boomerang. Spend 1 Speed point: make the chip usable again. ",
RollingShield,2,Near,Can instead be used to block a single projectile attack.,Thrown,Awkward,[Awkward],Can instead be used to block a single projectile attack. [Awkward],
SeekBomb,2,Near,A heat-seeking bomb flies through the air! Can spend 1 Coding to set the range to Far.,Thrown,Accurate,[Accurate],A heat-seeking bomb flies through the air! Can spend 1 Coding to set the range to Far. [Accurate],
ShieldBoomerang,2,Near,Downshift your next defense if this hits.,Thrown,Slow,[Slow],Downshift your next defense if this hits. [Slow],
StickyStick,2,Near,Tosses a 10-foot pole. Sticks to whatever it hits; difficult to break.,Thrown,Awkward,[Awkward],Tosses a 10-foot pole. Sticks to whatever it hits; difficult to break. [Awkward],
SwapRing,1,Near,"A glowing, magic ring! On hit, instantly swaps your position with the target.",Thrown,,,"A glowing, magic ring! On hit, instantly swaps your position with the target. ",
TreeBomb,1,Near,"Huge seed! If watered, a 4-damage tree sprouts, hitting all Close & pushing them a range band.",Thrown,"Awkward, Slow","[Awkward, Slow]","Huge seed! If watered, a 4-damage tree sprouts, hitting all Close & pushing them a range band. [Awkward, Slow]",
VesselBomb,4,Near,You must spend 1 Affinity point. Spreads your element on impact.,Thrown,Slow,[Slow],You must spend 1 Affinity point. Spreads your element on impact. [Slow],
ZapNet,1,Near,"Tangles and zaps the target, setting Speed to 0. Untangling takes a moment.",Thrown,Awkward,[Awkward],"Tangles and zaps the target, setting Speed to 0. Untangling takes a moment. [Awkward]",
AquaTower,3,Close,A big geyser erupts around the Navi! Doesn’t hurt you. All hit are flung upwards.,Wave,"Awkward, Slow","[Awkward, Slow]","A big geyser erupts around the Navi! Doesn’t hurt you. All hit are flung upwards. [Awkward, Slow]",
BigHeart,-,Near,Pick 1: upshift their next 2 Mind rolls; downshift your next Charm roll on them; heal them 3 HP.,Wave,,,Pick 1: upshift their next 2 Mind rolls; downshift your next Charm roll on them; heal them 3 HP. ,
BigWave,3,Near,A massive shockwave cracks surfaces as it travels.,Wave,Dangerous,[Dangerous],A massive shockwave cracks surfaces as it travels. [Dangerous],
BlackWing,-,Near,Sinister bats fly at the target! Everyone targeted makes a Bravery roll to resist panicking.,Wave,,,Sinister bats fly at the target! Everyone targeted makes a Bravery roll to resist panicking. ,
BrowserCrasher,-,Near,A light blast blocks communication between Navis & NetOps. Normal NetOp Coding to fix.,Wave,Slow,[Slow],A light blast blocks communication between Navis & NetOps. Normal NetOp Coding to fix. [Slow],
BurstRevenge,2xX,Near,Let loose fiery bursts of rage! X=number of enemies in range who have damaged you.,Wave,Dangerous,[Dangerous],Let loose fiery bursts of rage! X=number of enemies in range who have damaged you. [Dangerous],
CandyWave,2,Near,Spend 1 Charm to pick 1: candy is sticky; candy is big and bouncy; Viruses really want to eat it.,Wave,,,Spend 1 Charm to pick 1: candy is sticky; candy is big and bouncy; Viruses really want to eat it. ,
CashFlow,2,Near,A tidal wave of fake wealth! Spend 200z to make this chip usable again.,Wave,Awkward,[Awkward],A tidal wave of fake wealth! Spend 200z to make this chip usable again. [Awkward],
CornFiesta,4,Near,Corn everywhere! Gain the element Corn for 5 rolls. Then all corn bursts! 2 damage to any Close.,Wave,Mega,[Mega],Corn everywhere! Gain the element Corn for 5 rolls. Then all corn bursts! 2 damage to any Close. [Mega],
CustomVolt,2,Near,Crackling bolts arc to enemies Near the target if they have BattleChips.,Wave,,,Crackling bolts arc to enemies Near the target if they have BattleChips. ,
DesertLions,3,Near,"Sand lions attack, trailing sand. Spend 1 Charm: target sees mirages of your choice.",Wave,"Awkward, Slow","[Awkward, Slow]","Sand lions attack, trailing sand. Spend 1 Charm: target sees mirages of your choice. [Awkward, Slow]",
DimensionalGate,-,Near,"A mystic Gate! The GM names 4 random elements, you pick which 2 come out of the gate.",Wave,,,"A mystic Gate! The GM names 4 random elements, you pick which 2 come out of the gate. ",
ElementSurge,X,Near,Your element devastates all Near enemies! X=2x[Navi Affinity]. You also take X damage.,Wave,Mega,[Mega],Your element devastates all Near enemies! X=2x[Navi Affinity]. You also take X damage. [Mega],
FireBurner,3,Near,Your Navi spurts flames that crack and destroy structures.,Wave,Dangerous,[Dangerous],Your Navi spurts flames that crack and destroy structures. [Dangerous],
FireTower,4,Close,Flame pillar! Spend 1 Stamina to pick 2: doesn’t hurt you; your element is briefly Fire; the fire stays.,Wave,Dangerous,[Dangerous],Flame pillar! Spend 1 Stamina to pick 2: doesn’t hurt you; your element is briefly Fire; the fire stays. [Dangerous],
GunDelSol,2+X,Near,"Fires concentrated sunlight onto enemies. +2 damage if the PET is in direct, bright sunlight.",Wave,Awkward,[Awkward],"Fires concentrated sunlight onto enemies. +2 damage if the PET is in direct, bright sunlight. [Awkward]",
Hell’sRolling,5,Near,"Must spend 1 Soul. Evil rollers overwhelm the target, spreading darkness everywhere.",Wave,Dangerous,[Dangerous],"Must spend 1 Soul. Evil rollers overwhelm the target, spreading darkness everywhere. [Dangerous]",
IceWave,2,Close,"A wave of ice freezes the ground in its wake, turning everything it touches cold and slippery.",Wave,Slow,[Slow],"A wave of ice freezes the ground in its wake, turning everything it touches cold and slippery. [Slow]",
Jamout,X,Near,Rock out with your allies! X=# of players in the jam session (they don’t need the chip).,Wave,Dangerous,[Dangerous],Rock out with your allies! X=# of players in the jam session (they don’t need the chip). [Dangerous],Crossover Content
MudWave,2,Near,Creates a wide mudslide. Everyone who gets hit upshifts their next Speed roll.,Wave,Awkward,[Awkward],Creates a wide mudslide. Everyone who gets hit upshifts their next Speed roll. [Awkward],
MysticMist,1,Near,Pick 2: the mist doesn’t go away; upshift target’s next Sense roll; you’re invisible in the mist.,Wave,,,Pick 2: the mist doesn’t go away; upshift target’s next Sense roll; you’re invisible in the mist. ,
NOBeam,3,Near,Fires a devastating light shaft forward. Only activates if your back is pressed to a solid object.,Wave,"Piercing, Awkward","[Piercing, Awkward]","Fires a devastating light shaft forward. Only activates if your back is pressed to a solid object. [Piercing, Awkward]",
NorthWind,-,Near,A righteous wind blows. All of the target’s temporary buffs are immediately dissipated.,Wave,,,A righteous wind blows. All of the target’s temporary buffs are immediately dissipated. ,
Poltergeist,2x2,Near,Pick 2 large objects in range that aren’t stuck to a surface; they slam into the target.,Wave,Dangerous,[Dangerous],Pick 2 large objects in range that aren’t stuck to a surface; they slam into the target. [Dangerous],
Pulsar,1,Near,"Fires a sonic blast that disorients targets, upshifting their next roll on hit.",Wave,"Accurate, Awkward","[Accurate, Awkward]","Fires a sonic blast that disorients targets, upshifting their next roll on hit. [Accurate, Awkward]",
RedWave,2,Near,"Creates a wide lava wave, leaving pools of lava behind.",Wave,"Piercing, Dangerous","[Piercing, Dangerous]","Creates a wide lava wave, leaving pools of lava behind. [Piercing, Dangerous]",
SonicWave,2,Near,"A shockwave runs along the ground, also hitting enemies between the Navi and the target.",Wave,Slow,[Slow],"A shockwave runs along the ground, also hitting enemies between the Navi and the target. [Slow]",
Spice,-,Near,Spore cloud! Pick 2 effects: Mind -1; speech slurs; sprouts mushrooms; very flammable.,Wave,Piercing,[Piercing],Spore cloud! Pick 2 effects: Mind -1; speech slurs; sprouts mushrooms; very flammable. [Piercing],
TidalWave,2,Near,Creates a wide tidal wave.,Wave,Accurate,[Accurate],Creates a wide tidal wave. [Accurate],
ToadMelody,-,Near,Pick 2: stuns targets; next Charm roll has more range; your next water-related attack is Piercing.,Wave,"Awkward, Slow","[Awkward, Slow]","Pick 2: stuns targets; next Charm roll has more range; your next water-related attack is Piercing. [Awkward, Slow]",
Tornado,2,Near,"Creates a swirling cyclone that rolls forward, flinging everything in its path.",Wave,"Piercing, Dangerous, Slow","[Piercing, Dangerous, Slow]","Creates a swirling cyclone that rolls forward, flinging everything in its path. [Piercing, Dangerous, Slow]",
WoodTower,3,Close,"Sharp logs! Spend 1 Stamina, pick 2: doesn’t hurt you; range is Near; sprouts a huge tree.",Wave,"Piercing, Dangerous","[Piercing, Dangerous]","Sharp logs! Spend 1 Stamina, pick 2: doesn’t hurt you; range is Near; sprouts a huge tree. [Piercing, Dangerous]",
YamatoRush,2,Near,Spear soldiers rush! Spend 1 Bravery: upshift the defense or have the soldiers linger after.,Wave,,,Spear soldiers rush! Spend 1 Bravery: upshift the defense or have the soldiers linger after. ,
LifeAura,-,-,A shadowy orb protects the user from all attacks under 5 damage. All Near noise is muted.,Support,"Dangerous, Dark","[Dangerous, Dark]","A shadowy orb protects the user from all attacks under 5 damage. All Near noise is muted. [Dangerous, Dark]",DarkChip
GraveBreath,-,Far,Sinister breath bathes the server. Others suffer your bugs and lose 1 HP each time they roll.,Hazard,"Slow, Dark","[Slow, Dark]","Sinister breath bathes the server. Others suffer your bugs and lose 1 HP each time they roll. [Slow, Dark]",DarkChip
AlphaClaw,4xX,Near,"Massive claws! X=1; +1 per AlphaSeed in the server. On deletion, Alpha absorbs the target.",Blade,"Dangerous, Dark","[Dangerous, Dark]","Massive claws! X=1; +1 per AlphaSeed in the server. On deletion, Alpha absorbs the target. [Dangerous, Dark]",DarkChip
JusticeFist,4,Close,Strike with Duo’s fury! Deals double damage if the target is unable or unwilling to fight back.,Impact,"Dangerous, Dark","[Dangerous, Dark]","Strike with Duo’s fury! Deals double damage if the target is unable or unwilling to fight back. [Dangerous, Dark]",DarkChip
ApexPredator,5,Close,"If this deletes, swallow the target and add their stats to yours. Your body shifts & grows.",Impact,"Piercing, Dark","[Piercing, Dark]","If this deletes, swallow the target and add their stats to yours. Your body shifts & grows. [Piercing, Dark]",DarkChip
FlashMemory,-,Far,Rewind the memory of any number of targets in range up to 10 minutes. They won’t feel a thing.,Support,Dark,[Dark],Rewind the memory of any number of targets in range up to 10 minutes. They won’t feel a thing. [Dark],DarkChip
BeastOver,2+X,Near,Shred the target at Close. X=[Daemon Bond]; can increase your Bond as much as you want.,Rush,"Dangerous, Dark","[Dangerous, Dark]","Shred the target at Close. X=[Daemon Bond]; can increase your Bond as much as you want. [Dangerous, Dark]",DarkChip
BitterTalon,3,Close,"If you failed a social Charm or Bravery roll on the target in the past, deal triple damage.",Blade,Dark,[Dark],"If you failed a social Charm or Bravery roll on the target in the past, deal triple damage. [Dark]",DarkChip
DarkBomb,2,Near,"Claw bomb! On hit, digs in. Explodes for 6 dmg after they roll 3 times. Hard Strength to rip out.",Thrown,"Piercing, Dark","[Piercing, Dark]","Claw bomb! On hit, digs in. Explodes for 6 dmg after they roll 3 times. Hard Strength to rip out. [Piercing, Dark]",DarkChip
DarkBrand,2,Close,"Mark a target. Pick an event. If they mention it, the mark explodes for 10 dmg. Ignores barriers.",Impact,"Dangerous, slow, Dark","[Dangerous, slow, Dark]","Mark a target. Pick an event. If they mention it, the mark explodes for 10 dmg. Ignores barriers. [Dangerous, slow, Dark]",DarkChip
DarkBrush,4,Near,"Spread mystic ink! On hit, learn 1: their greatest fear; their greatest love; their darkest secret.",Thrown,Dark,[Dark],"Spread mystic ink! On hit, learn 1: their greatest fear; their greatest love; their darkest secret. [Dark]",DarkChip
DarkCannon,5,Far,Fires a devastating shot that pierces anything in its path. Bypasses all barriers. Never stops.,Shot,"Piercing, Dangerous, Dark","[Piercing, Dangerous, Dark]","Fires a devastating shot that pierces anything in its path. Bypasses all barriers. Never stops. [Piercing, Dangerous, Dark]",DarkChip
DarkCircle,2+X,Near,Dark artillery fires from your body. Hits as many targets in range as you want. X = # of targets.,Shot,"Accurate, Awkward, Dark","[Accurate, Awkward, Dark]","Dark artillery fires from your body. Hits as many targets in range as you want. X = # of targets. [Accurate, Awkward, Dark]",DarkChip
DarkDrill,4,Close,"Rip them apart. Damage lowers the target’s Max HP. Lasts a long time, even after jack-out.",Impact,"Piercing, Dark","[Piercing, Dark]","Rip them apart. Damage lowers the target’s Max HP. Lasts a long time, even after jack-out. [Piercing, Dark]",DarkChip
DarkFlame,4,Near,"On hit, the PET overheats. NetOp takes 1 damage on chip use or roll holding the PET.",Wave,"Dangerous, Dark","[Dangerous, Dark]","On hit, the PET overheats. NetOp takes 1 damage on chip use or roll holding the PET. [Dangerous, Dark]",DarkChip
DarkHeart,-,-,"Until jack-out, add [Daemon Bond]x2 to Charm social rolls. Any you charm get a Daemon Bond.",Support,"Simple, Dark","[Simple, Dark]","Until jack-out, add [Daemon Bond]x2 to Charm social rolls. Any you charm get a Daemon Bond. [Simple, Dark]",DarkChip
DarkInsert,-,Near,"Spawn all Near allies’ elements. They can’t control their element anymore, but you can.",Summon,Dark,[Dark],"Spawn all Near allies’ elements. They can’t control their element anymore, but you can. [Dark]",DarkChip
DarkInvisible,-,-,"For the next 2x[Daemon Bond] rolls, you become an invisible, invincible specter.",Support,"Simple, Dark","[Simple, Dark]","For the next 2x[Daemon Bond] rolls, you become an invisible, invincible specter. [Simple, Dark]",DarkChip
DarkKnuckle,4,Close,"On hit, steal the target’s element. Add [Daemon Bond]x2 to Affinity when summoning elements.",Impact,"Awkward, Dark","[Awkward, Dark]","On hit, steal the target’s element. Add [Daemon Bond]x2 to Affinity when summoning elements. [Awkward, Dark]",DarkChip
DarkLance,5,Near,Warp Close behind the target and stab their weakest point. Can choose to teleport back or not.,Rush,"Awkward, Dark","[Awkward, Dark]","Warp Close behind the target and stab their weakest point. Can choose to teleport back or not. [Awkward, Dark]",DarkChip
DarkLantern,5,Close,A magic lantern. Enemies roll Bravery to not walk towards it. Explodes on your command.,Summon,"Dangerous, Dark","[Dangerous, Dark]","A magic lantern. Enemies roll Bravery to not walk towards it. Explodes on your command. [Dangerous, Dark]",DarkChip
DarkMeteor,10,Far,"A colossal meteor appears far away. After 10 rolls, it falls. Sends destructive shockwaves out.",Summon,"Piercing, Dangerous, Slow, Dark","[Piercing, Dangerous, Slow, Dark]","A colossal meteor appears far away. After 10 rolls, it falls. Sends destructive shockwaves out. [Piercing, Dangerous, Slow, Dark]",DarkChip
DarkMist,-,Far,"Black mist isolates the server. No jacking in/out, PET msgs, etc. All seems normal on the outside.",Hazard,Dark,[Dark],"Black mist isolates the server. No jacking in/out, PET msgs, etc. All seems normal on the outside. [Dark]",DarkChip
DarkPick,3,Close,"A black icepick. On hit, if Virus, take control of them. If Navi, gain total control over their PET.",Blade,"Slow, Dark","[Slow, Dark]","A black icepick. On hit, if Virus, take control of them. If Navi, gain total control over their PET. [Slow, Dark]",DarkChip
DarkPlus,-,-,"On next roll, add 2x[Daemon Bond] dice. If your Daemon Bond is your highest Bond, 3x instead.",Support,"Simple, Dark","[Simple, Dark]","On next roll, add 2x[Daemon Bond] dice. If your Daemon Bond is your highest Bond, 3x instead. [Simple, Dark]",DarkChip
DarkRecall,-,Close,Spawn the last Virus you deleted - you control it. Add [Daemon Bond] to its stats. Its HP is full.,Support,"Slow, Dark","[Slow, Dark]","Spawn the last Virus you deleted - you control it. Add [Daemon Bond] to its stats. Its HP is full. [Slow, Dark]",DarkChip
DarkRecover,-,Near,"Choose at least one bonded ally in range. They all take -2 HP, and you heal 4 HP per ally hurt.",Support,Dark,[Dark],"Choose at least one bonded ally in range. They all take -2 HP, and you heal 4 HP per ally hurt. [Dark]",DarkChip
DarkSnake,6,Close,Viper fangs bite your target! Your Daemon takes control of the target’s voice.,Impact,"Awkward, Slow, Dark","[Awkward, Slow, Dark]","Viper fangs bite your target! Your Daemon takes control of the target’s voice. [Awkward, Slow, Dark]",DarkChip
DarkSound,-,Near,Disembodied mouths emits deafening static for a minute. Paralyzes others & jams PET connection.,Summon,"Awkward, Slow, Dark","[Awkward, Slow, Dark]","Disembodied mouths emits deafening static for a minute. Paralyzes others & jams PET connection. [Awkward, Slow, Dark]",DarkChip
DarkSpread,5,Close,"When the target is deleted, they burst into huge tendrils that thrash anything Close (except you).",Impact,"Dangerous, Dark","[Dangerous, Dark]","When the target is deleted, they burst into huge tendrils that thrash anything Close (except you). [Dangerous, Dark]",DarkChip
DarkStage,-,Far,Pick 2: change gravity; shatter the terrain; spawn several black obelisks where you please.,Hazard,"Dangerous, Slow, Dark","[Dangerous, Slow, Dark]","Pick 2: change gravity; shatter the terrain; spawn several black obelisks where you please. [Dangerous, Slow, Dark]",DarkChip
DarkStrings,2,Near,"Dark marionette strings! On hit, you completely control the target for 3 rolls. They feel everything.",Thrown,"Slow, Dark","[Slow, Dark]","Dark marionette strings! On hit, you completely control the target for 3 rolls. They feel everything. [Slow, Dark]",DarkChip
DarkSword,6,Close,"Slices a gap in the server, opening a slit from which your Daemon can spread its influence.",Blade,"Dangerous, Dark","[Dangerous, Dark]","Slices a gap in the server, opening a slit from which your Daemon can spread its influence. [Dangerous, Dark]",DarkChip
DarkThunder,3x3,Near,Channel stunning bolts! Spend [Daemon Bond] Stamina or you lose control of the wild lightning.,Wave,"Awkward, Dangerous, Dark","[Awkward, Dangerous, Dark]","Channel stunning bolts! Spend [Daemon Bond] Stamina or you lose control of the wild lightning. [Awkward, Dangerous, Dark]",DarkChip
DarkTornade,4,Close,"Fly in a tornado! All hit tumble upwards. It persists, tearing the server. Doesn’t hurt you.",Wave,"Awkward, Dangerous, Dark","[Awkward, Dangerous, Dark]","Fly in a tornado! All hit tumble upwards. It persists, tearing the server. Doesn’t hurt you. [Awkward, Dangerous, Dark]",DarkChip
DarkVulcan,3x3,Near,A cursed minigun. Roll Hard Bravery to resist your Daemon choosing the target instead.,Shot,"Accurate, Dark","[Accurate, Dark]","A cursed minigun. Roll Hard Bravery to resist your Daemon choosing the target instead. [Accurate, Dark]",DarkChip
DarkWide,4,Near,"A razor shockwave flies out in all directions, slicing all Near targets. Objects are bisected.",Wave,"Accurate, Dangerous, Dark","[Accurate, Dangerous, Dark]","A razor shockwave flies out in all directions, slicing all Near targets. Objects are bisected. [Accurate, Dangerous, Dark]",DarkChip
DarkWorm,4+X,Near,"Burrow and devour. X=[Daemon Bond]. On hit, attack another target until you have hit X targets.",Rush,Dark,[Dark],"Burrow and devour. X=[Daemon Bond]. On hit, attack another target until you have hit X targets. [Dark]",DarkChip
AceOfSpades,-,-,"Next time you lose an opposed roll and at least one of your dice reads 1, change all 1s to 6s.",Support,Slow,[Slow],"Next time you lose an opposed roll and at least one of your dice reads 1, change all 1s to 6s. [Slow]",MysticLilies
AnnihilatingRoar,-,Near,Pick 2: deal 2 damage; reset Mind skills reduced by enemies; knock Close targets to Near.,Wave,Slow,[Slow],Pick 2: deal 2 damage; reset Mind skills reduced by enemies; knock Close targets to Near. [Slow],MysticLilies
Apparition,-,Far,Appear directly behind anyone visible. Lights around them flicker and dim.,Support,Simple,[Simple],Appear directly behind anyone visible. Lights around them flicker and dim. [Simple],MysticLilies
BadApple,-,Close,An apple curses temp. on bite! Pick 2: go blind; speak all thoughts; panic; hallucinate; turn ugly.,Summon,Slow,[Slow],An apple curses temp. on bite! Pick 2: go blind; speak all thoughts; panic; hallucinate; turn ugly. [Slow],MysticLilies
BanishingBlade,2,Close,"On jack-in, pick a Virus category. Defending against this chip is Hard for those Viruses.",Blade,,,"On jack-in, pick a Virus category. Defending against this chip is Hard for those Viruses. ",MysticLilies
Chimera,-,-,Swap the value of two stats or two skills. Your appearance also shifts. Expires after 3 rolls.,Support,Slow,[Slow],Swap the value of two stats or two skills. Your appearance also shifts. Expires after 3 rolls. [Slow],MysticLilies
DashingGrace,-,Far,"Enter Close range and expose the target. If an ally attacks the target next, they deal +2 damage hit.",Rush,,,"Enter Close range and expose the target. If an ally attacks the target next, they deal +2 damage hit. ",MysticLilies
Demystification,2,Close,A bit of the target’s knowledge appears in writing! It’s more useful the more damage you deal.,Impact,,,A bit of the target’s knowledge appears in writing! It’s more useful the more damage you deal. ,MysticLilies
Dominion,-,Close,"3 ghost servants! They are slow & vanish when hurt, but look & act haunting. One order each.",Summon,Slow,[Slow],"3 ghost servants! They are slow & vanish when hurt, but look & act haunting. One order each. [Slow]",MysticLilies
EchoChamber,-,Close,Pick an ally in range that’s making an opposed roll; you can reroll their failed dice.,Support,Awkward,[Awkward],Pick an ally in range that’s making an opposed roll; you can reroll their failed dice. [Awkward],MysticLilies
ExtendAsh,0+X,Close,Slash the target with a flaming phoenix talon! X = the number of Near hostile Navis/Viruses.,Blade,Piercing,[Piercing],Slash the target with a flaming phoenix talon! X = the number of Near hostile Navis/Viruses. [Piercing],MysticLilies
FlowerBurst,-,Near,"Magical petals! When affected targets fail social Charm/Bravery rolls, you dictate what they say.",Wave,,,"Magical petals! When affected targets fail social Charm/Bravery rolls, you dictate what they say. ",MysticLilies
Forbidden,-,Near,"Lays a tripwire over an exit. On activation, it briefly stuns the target & teleports you behind them.",Hazard,Awkward,[Awkward],"Lays a tripwire over an exit. On activation, it briefly stuns the target & teleports you behind them. [Awkward]",MysticLilies
HeartfeltFancy,-,Close,A magic butterfly! Whoever wilfully grabs it takes 4 damage and gets +4 dice to their next roll.,Summon,Slow,[Slow],A magic butterfly! Whoever wilfully grabs it takes 4 damage and gets +4 dice to their next roll. [Slow],MysticLilies
ImmortalSmoke,-,Near,"Take 2 damage, pick a used chip from an ally’s Folder; you can use it once. Resets on jack-out.",Support,,,"Take 2 damage, pick a used chip from an ally’s Folder; you can use it once. Resets on jack-out. ",MysticLilies
InstantKarma,3,Near,"Ghost swords follow you. When someone tells a lie in range, the swords pierce their heart.",Summon,Slow,[Slow],"Ghost swords follow you. When someone tells a lie in range, the swords pierce their heart. [Slow]",MysticLilies
LooseRain,-,Near,Everything in range heals 2 HP. It begins to drizzle.,Support,Slow,[Slow],Everything in range heals 2 HP. It begins to drizzle. [Slow],MysticLilies
Misdirection,-,Near,"Your next 3 rolls/chips can come from wherever you want in range, even other Navis/Viruses.",Support,Simple,[Simple],"Your next 3 rolls/chips can come from wherever you want in range, even other Navis/Viruses. [Simple]",MysticLilies
Moonlight,-,Near,Summons a moonbeam from the sky. You are invisible as long as you stay within it.,Summon,,,Summons a moonbeam from the sky. You are invisible as long as you stay within it. ,MysticLilies
PerfectFreeze,1,Close,"On hit, temporarily encases the target in a block of ice.",Impact,"Dangerous, Slow","[Dangerous, Slow]","On hit, temporarily encases the target in a block of ice. [Dangerous, Slow]",MysticLilies
Possession,-,Near,Can only be used immediately after a Navi/Virus is deleted. You can briefly control their body.,Support,,,Can only be used immediately after a Navi/Virus is deleted. You can briefly control their body. ,MysticLilies
PristineBeat,2,Far,"Your voice booms out, clearly heard by everyone within range.",Wave,"Awkward, Slow","[Awkward, Slow]","Your voice booms out, clearly heard by everyone within range. [Awkward, Slow]",MysticLilies
Reverser,2,Close,"On parry win, pick 1 (lasts 3 rolls): invert your gravity; flip your temp. skill changes; flip the target over.",Blade,,,"On parry win, pick 1 (lasts 3 rolls): invert your gravity; flip your temp. skill changes; flip the target over. ",MysticLilies
TabulaRasa,-,-,Erases any traces of your presence. Viruses outside line of sight forget they saw you.,Support,,,Erases any traces of your presence. Viruses outside line of sight forget they saw you. ,MysticLilies
ThirdEye,-,Near,"Gaze into the target’s mind. You hear their thoughts until you roll, use a chip, or take damage.",Shot,Awkward,[Awkward],"Gaze into the target’s mind. You hear their thoughts until you roll, use a chip, or take damage. [Awkward]",MysticLilies
Uptempo,-,Near,"A blaring, frenzied beat! All in range downshift their next 3 Speed rolls. Objects also accelerate.",Hazard,Dangerous,[Dangerous],"A blaring, frenzied beat! All in range downshift their next 3 Speed rolls. Objects also accelerate. [Dangerous]",MysticLilies
VanishingMist,-,Near,Mist seeps into the area. Any who jack out in the mist can invite a Close Navi to come with them.,Hazard,,,Mist seeps into the area. Any who jack out in the mist can invite a Close Navi to come with them. ,MysticLilies
VengefulSpirit,-,Near,"Curses a target. The next time they take damage, their highest skill(s) are briefly reduced by 2.",Support,,,"Curses a target. The next time they take damage, their highest skill(s) are briefly reduced by 2. ",MysticLilies
WanderFlame,3,Close,"When you jack out, downshift the roll. A pillar of fire engulfs all in range.",Support,"Simple, Dangerous","[Simple, Dangerous]","When you jack out, downshift the roll. A pillar of fire engulfs all in range. [Simple, Dangerous]",MysticLilies
WanderingSin,2,Near,"The target is covered in text of your choice, which needs a Hard Coding roll to erase.",Shot,Awkward,[Awkward],"The target is covered in text of your choice, which needs a Hard Coding roll to erase. [Awkward]",MysticLilies
EleGeddon,-,Near,"Convert an object to your element. Your element slowly spreads, converting everything it touches.",Hazard,"Dangerous, Slow, Mega","[Dangerous, Slow, Mega]","Convert an object to your element. Your element slowly spreads, converting everything it touches. [Dangerous, Slow, Mega]",MysticLilies
Expurgation,4,Near,"A cursed key. Stuns the target and exposes their memories to view & edit, rendered as text.",Thrown,"Awkward, Mega","[Awkward, Mega]","A cursed key. Stuns the target and exposes their memories to view & edit, rendered as text. [Awkward, Mega]",MysticLilies
ForbiddenRitual,-,Close,Resurrect a Navi. Needs a powerful server; it is destroyed soon after. They will not be the same.,Support,"Awkward, Dangerous, Slow, Mega","[Awkward, Dangerous, Slow, Mega]","Resurrect a Navi. Needs a powerful server; it is destroyed soon after. They will not be the same. [Awkward, Dangerous, Slow, Mega]",MysticLilies
Paranoia,4,Near,"Marks the target. Once per jack-in, you can warp Close & stun them, even if they are in other servers.",Rush,"Slow, Mega","[Slow, Mega]","Marks the target. Once per jack-in, you can warp Close & stun them, even if they are in other servers. [Slow, Mega]",MysticLilies
PyrrhicSun,-,Near,"A molten star appears above, growing larger, until the real-world server explodes into flames.",Summon,"Dangerous, Slow, Mega","[Dangerous, Slow, Mega]","A molten star appears above, growing larger, until the real-world server explodes into flames. [Dangerous, Slow, Mega]",MysticLilies
SealingRites,4,Close,"Entombs a target Navi in an inescapable cell, buried within the server. Their PET disconnects.",Impact,"Awkward, Slow, Mega","[Awkward, Slow, Mega]","Entombs a target Navi in an inescapable cell, buried within the server. Their PET disconnects. [Awkward, Slow, Mega]",MysticLilies
ShadowCaster,5,Close,"On hit, creates a fiendish doppelganger. At first, nobody can tell which is which. Ignores barriers.",Blade,Mega,[Mega],"On hit, creates a fiendish doppelganger. At first, nobody can tell which is which. Ignores barriers. [Mega]",MysticLilies
VanishingWorld,14,Near,"Before firing, spends a minute sucking power from all electronics on the power grid. Ignores barriers.",Wave,"Awkward, Dangerous, Slow, Mega","[Awkward, Dangerous, Slow, Mega]","Before firing, spends a minute sucking power from all electronics on the power grid. Ignores barriers. [Awkward, Dangerous, Slow, Mega]",MysticLilies
VileSeed,3,Near,"A subtle, burrowing seed! After time passes, the user can control the target’s body, then mind.",Shot,Mega,[Mega],"A subtle, burrowing seed! After time passes, the user can control the target’s body, then mind. [Mega]",MysticLilies
AlchemistTrick,-,-,"On next chip use, change a word of its description to a perfect rhyme. Only affects appearance.",Support,Simple,[Simple],"On next chip use, change a word of its description to a perfect rhyme. Only affects appearance. [Simple]",Leximancy
AlphaStrike,2,Near,"Cursed envelope! Pick a letter. For 3 rolls, the target can’t use chips starting with that letter.",Thrown,"Piercing, Slow","[Piercing, Slow]","Cursed envelope! Pick a letter. For 3 rolls, the target can’t use chips starting with that letter. [Piercing, Slow]",Leximancy
CapsLock,1,Near,Sacrifice a BattleChip to upshift target’s next X rolls. X = # of capital letters in the chip name.,Impact,Accurate,[Accurate],Sacrifice a BattleChip to upshift target’s next X rolls. X = # of capital letters in the chip name. [Accurate],Leximancy
ChaosSwap,1,Near,"Wild magic attacks two targets! If you hit both, swap their elements. Lasts until you roll 3 times.",Thrown,Piercing,[Piercing],"Wild magic attacks two targets! If you hit both, swap their elements. Lasts until you roll 3 times. [Piercing]",Leximancy
Crowdsource,-,Near,"A big hologram crowd! They cheer spectacle, boo boring people, and disappear when harmed.",Summon,Summon,[Summon],"A big hologram crowd! They cheer spectacle, boo boring people, and disappear when harmed. [Summon]",Leximancy
DictionaryAttack,1,Close,"Paper rapier! Pick a letter; if the target’s element includes that letter, disable it for 3 rolls.",Blade,Accurate,[Accurate],"Paper rapier! Pick a letter; if the target’s element includes that letter, disable it for 3 rolls. [Accurate]",Leximancy
LoveLetters,-,-,"Pick an unused chip in your Folder, heal X HP. X = # of vowels (including Y) in the chip name.",Support,Simple,[Simple],"Pick an unused chip in your Folder, heal X HP. X = # of vowels (including Y) in the chip name. [Simple]",Leximancy
MagicTome,2,Near,Cast a magic bolt! Can instead be used to make your next 3 Affinity rolls using Info instead.,Shot,,,Cast a magic bolt! Can instead be used to make your next 3 Affinity rolls using Info instead. ,Leximancy
RhymeScheme,-,Near,Spend X Info to turn the target’s element to a perfect rhyme of your choice for X*2 rolls.,Support,,,Spend X Info to turn the target’s element to a perfect rhyme of your choice for X*2 rolls. ,Leximancy
,Custom Chips,,,,,, ,
,Add any custom chips below and they will automatically be applied to the main sheet.,,,,,, ,
,,,,,,, ,
,,,,,,, ,
,,,,,,, ,
,,,,,,, ,
,,,,,,, ,
,,,,,,, ,
,,,,,,, ,
,,,,,,, ,
,,,,,,, ,
,,,,,,, ,
,,,,,,, ,
,,,,,,, ,